Signal_1,Signal_2,Signal_3,Signal_4,Signal_5
-2.3980817331903383e-16,-1.0302869668521452e-15,0.2876994830862051,-0.6443783170421638,-0.1009292657412681
-2.6645352591003756e-16,-4.707345624410664e-16,-0.6446660056029634,0.30140925594665646,0.05237120916609608
-1.3322676295501878e-16,-3.4372504842394847e-15,0.7553920253710241,0.8306594817410103,0.13329645303784657
4.405364961712621e-15,4.529709940470639e-16,-0.5775839662779697,0.21196653684665964,0.030010529391097388
-5.027089855502709e-15,-9.112710586123285e-15,0.179158463423707,-0.6996569574921714,-0.11474892585377088
-6.155076448521868e-15,-7.043254868221993e-15,0.2876994830862136,-0.6443783170421711,-0.10092926574126629
4.2543746303636e-15,5.870859354217828e-15,-0.6446660056029662,0.30140925594665263,0.05237120916609465
2.5135449277513545e-15,8.86402062860725e-15,0.7553920253710221,0.8306594817410108,0.13329645303784468
-4.7251091928046665e-15,4.0234482412415675e-15,-0.5775839662779572,0.211966536846662,0.030010529391096462
1.403321903126198e-15,-1.9451107391432742e-15,0.17915846342371444,-0.699656957492172,-0.1147489258537686
